scheme,selected_creators,avg_30d_retention,avg_rev_per_incentive,high_potential_hit_rate,retention_lift_ppt,unit_incentive_rev_lift_pct
原平均投放逻辑,4200,0.48702435714285713,69.58532031154024,0.034523809523809526,0.0,0.0
新分层规则,4200,0.5813426904761905,78.43088647180473,0.07261904761904762,9.431833333333334,0.1271182789798484
