top_n,old_selected_creators,new_selected_creators,retention_old,retention_new,uri_old,uri_new,cash_old,cash_new,retention_lift_ppt,uri_lift_pct,cash_change_pct,high_potential_hit_old,high_potential_hit_new,selection_overlap_rate
4200,4200,4200,0.48702435714285713,0.5813426904761905,69.58532031154024,78.43088647180473,550.2261023809524,625.1506023809525,9.431833333333334,12.71182789798484,13.61703846396689,0.034523809523809526,0.07261904761904762,0.7219047619047619
