metric,point_estimate,ci_low,ci_high
30日留存提升(ppt),9.43201904761904,8.802390714285718,10.106889523809532
单位激励收入提升(%),12.666407729275242,9.610925965860327,15.950481744756043
