metric,old_logic,new_rule,lift_pct_or_ppt
30日留存率,0.48702435714285713,0.5813426904761905,9.431833333333334
单位激励收入,69.58532031154024,78.43088647180473,12.71182789798484
人均现金激励,550.2261023809524,625.1506023809525,13.61703846396689
