stage,creators,share_of_total,step_rate
注册创作者,18742,1.0,
完成首发,15107,0.8060505815814748,0.8060505815814748
连续活跃≥2周,13061,0.6968840038416391,0.8645660951876614
连续活跃≥4周,8572,0.4573684772169459,0.6563050302427073
已开通变现,5927,0.3162415964144702,0.6914372375174989
稳定经营且已开通变现,2819,0.15041084195923593,0.4756200438670491
