top_n,retention_lift_ppt,uri_lift_pct,cash_change_pct
3000,14.85092,18.663714838697288,24.24263297856799
3600,12.171666666666658,15.760664995170238,18.62176096154755
4200,9.431833333333334,12.71182789798484,13.61703846396689
5000,6.9502039999999985,10.105106129423946,9.656748557638739
6000,4.885251666666668,7.188020687610175,6.435200161767796
