segment,creators,retention_30d,rev_per_1k_exposure,total_exposure,creator_share,exposure_share
一般供给,10814,0.45395415202515255,71.55459865297763,2462810846.0,0.5769928502827874,0.4045337607844112
高曝光低变现,2620,0.363392213740458,25.54673367939233,2128664620.0,0.13979297833742396,0.34964792589569405
低价值供给,2132,0.27595905253283304,31.187462570978674,194565346.0,0.1137552022196137,0.031958707370294
高价值稳定供给,1879,0.6576204896221394,96.750240010525,895340397.0,0.10025610927328994,0.1470658692968164
高潜低激励,1297,0.624116499614495,98.10435134872729,406641806.0,0.06920285988688507,0.06679373665278432
