selection_transition,segment,creators,avg_retention_30d,avg_unit_incentive_revenue,share_within_transition
Dropped from old TopN,一般供给,78,0.3947076923076923,40.69367227487369,0.06678082191780822
Dropped from old TopN,低价值供给,1,0.3257,43.87111077134776,0.0008561643835616438
Dropped from old TopN,高曝光低变现,1089,0.30226703397612487,46.06394636633183,0.9323630136986302
Promoted into new TopN,一般供给,503,0.6300741550695825,70.15445121350001,0.4306506849315068
Promoted into new TopN,高价值稳定供给,461,0.668624295010846,66.82600066308933,0.3946917808219178
Promoted into new TopN,高曝光低变现,44,0.6571386363636363,60.72690545178364,0.03767123287671233
Promoted into new TopN,高潜低激励,160,0.639634375,136.04083692690295,0.136986301369863
