content_vertical,old_n,old_retention,old_uri,new_n,new_retention,new_uri,retention_lift_ppt,uri_lift_pct,net_seat_change
搞笑娱乐,641,0.48051653666146643,69.9307993719903,616,0.5854579545454546,82.1023135448975,10.494141788398814,17.405083714490345,-25
数码科技,420,0.48547452380952383,67.43411230907286,430,0.5856937209302325,77.64561252065526,10.02191971207087,15.142929686357732,10
本地生活,488,0.4915522540983607,71.84534089277814,501,0.5893840319361278,79.98782933046202,9.783177783776708,11.333356257346905,13
生活方式,653,0.49258882082695254,69.63329402226944,637,0.586950863422292,76.62040689724267,9.436204259533943,10.034155317625327,-16
游戏,492,0.4825418699186992,68.0770272330637,521,0.57670556621881,75.46079889997526,9.41636963001108,10.84620167333834,29
知识教育,421,0.48609857482185276,67.96121855854351,410,0.5753585365853658,76.96657227572129,8.925996176351308,13.250724322166674,-11
美妆护肤,612,0.4863666666666667,69.84891527433928,614,0.5742465798045603,78.21312309488533,8.787991313789355,11.974713977582496,2
母婴,473,0.4912038054968288,71.30275228178684,471,0.5754390658174097,79.98249368523082,8.423526032058087,12.173080457177644,-2
